{
  "assetsByChunkName": {
    "vendors~app-account~app-confirmation~app-order": "chunk.b5ea7a45a458ede0831d.js",
    "vendors~app-account~app-checkout": "chunk.4fe3f65741c4d811d7c2.js",
    "vendors~app-cart~app-checkout": "chunk.2e543dd8b82ac28fd35b.js",
    "admin": [
      "admin.046a0d6aa2e12f85b07b.js",
      "admin.046a0d6aa2e12f85b07b.js.map"
    ],
    "app-account": "chunk.2e2ed0be4642e28dc617.js",
    "app-checkout": "chunk.21b02130fc57cb8f639d.js",
    "app-confirmation": "chunk.4460033052b8abd51cda.js",
    "checkout": [
      "checkout.03bc09a7609e6b944fce.js",
      "checkout.03bc09a7609e6b944fce.js.map"
    ],
    "storefront": [
      "storefront.0e7e01203221c8402134.css",
      "storefront.2dfb793597335892984b.js",
      "storefront.0e7e01203221c8402134.css.map",
      "storefront.2dfb793597335892984b.js.map"
    ],
    "vendors~app-cart": "chunk.4edbbefe3cee8b86212a.js",
    "vendors~app-order": "chunk.842868b76b922d175474.js"
  }
}