{
  "categories_list": {
    "featured": [
      "/marca/pop-funko?Funko",
      "/marca/weta?Weta",
      "/marca/qmx?QMx",
      "/marca/kotobukiya?Kotobukiya",
      "/marca/mattel?Mattel",
      "/marca/hasbro?Hasbro",
      "/marca/diamond-select?Diamond Select",
      "/marca/bandai?Bandai",
      "/marca/banpresto?Banpresto"
    ],
    "random": 6,
    "full_width": true
  },
  "menu_all_departments": true,
  "marketing_stripe": {
    "text": "5% de desconto para pagamentos por Depósito",
    "link": "",
    "background": "#3f304d",
    "color": "#ffffff"
  },
  "alphabetical_order_submenu": true,
  "popup": "",
  "search_input": true,
  "desktop_megamenu": false,
  "full_width_submenu": false,
  "contacts_stripe": {
    "pages": [
      {
        "title": "LOJA APENAS VIRTUAL",
        "link": ""
      },
      {
        "title": "Horário de Atendimento de 09h às 22h",
        "link": ""
      }
    ],
    "phone_wpp": true,
    "socials": true
  }
}