{
  "meta_title": "MDT Colecionáveis",
  "meta_description": "MDT Colecionáveis",
  "sections": [
    {
      "type": "banner-slider",
      "autoplay": 9000,
      "full_width": true,
      "slides": [
        {
          "img": "/img/uploads/banner-site-mdt.jpg",
          "link": "/headset",
          "alt": "Headset banner",
          "start": "",
          "end": "",
          "mobile_img": "/img/uploads/banner-site-mdt.jpg"
        }
      ]
    },
    {
      "type": "info-bar",
      "enabled": true
    },
    {
      "type": "collection-shelf",
      "shuffle": false,
      "limit": 24,
      "page": 1,
      "collection_id": "68083c6cef51eb1c90d9fe25:categories:Batman:/batman/",
      "sort": "views",
      "title": "BATMAN"
    },
    {
      "page": 1,
      "title": "Stranger Things",
      "shuffle": false,
      "headless": false,
      "type": "collection-shelf",
      "link": "https://mdtcolecionaveis.com.br/search?term=Stranger+Things",
      "limit": 12,
      "collection_id": "68083c77ef51eb1c90d9fe45:categories:Stranger Things:/stranger-things/",
      "sort": "views"
    },
    {
      "page": 3,
      "title": "Quantum Mechanix - QMx",
      "shuffle": true,
      "headless": false,
      "type": "collection-shelf",
      "link": "https://mdtcolecionaveis.com.br/marca/qmx",
      "limit": 12,
      "collection_id": "68083c47ef51eb1c90d9fd92:brands:QMx:/marca/qmx",
      "sort": "highest_price"
    },
    {
      "type": "collection-shelf",
      "shuffle": false,
      "limit": 12,
      "page": 1,
      "collection_id": "68083c49ef51eb1c90d9fd98:brands:Weta:/marca/weta",
      "title": "Weta",
      "link": "https://mdtcolecionaveis.com.br/search?term=weta",
      "sort": "views"
    },
    {
      "type": "collection-shelf",
      "shuffle": false,
      "limit": 12,
      "page": 1,
      "collection_id": "68083c46ef51eb1c90d9fd90:brands:Funko:/marca/pop-funko",
      "title": "Funko",
      "link": "https://mdtcolecionaveis.com.br/marca/pop-funko",
      "sort": "views"
    },
    {
      "type": "page-title",
      "title": "Máquina Do Tempo Colecionáveis",
      "description": "Loja virtual de artigos colecionáveis, action figures, estátuas, Funko Pops, bonecos e muito mais! "
    }
  ]
}